playername,position,id_zawodnik
patkicaa,top,1
joinze,jng,2
sayn,mid,3
shiganari,bot,4
lekcyc,sup,5
nille,top,6
spooky,jng,7
nafkelah,mid,8
soldier,bot,9
steeelback,sup,10
potent,top,11
croniik,jng,12
xkenzuke,mid,13
harpoon,bot,14
leon,sup,15
mat,top,16
roshan,jng,17
artoria,mid,18
xicor,bot,19
highway,sup,20
tao,top,21
baashh,jng,22
mathisv,mid,23
hazel,bot,24
nsurr,sup,25
gakgos,top,26
frost,jng,27
kuroneel,mid,28
avarice,bot,29
abagnale,sup,30
ihy0,top,31
krimson,jng,32
alix,mid,33
nrmn,bot,34
seal,sup,35
sleyer,top,36
kkt,jng,37
improver,mid,38
13,bot,39
enjawve,sup,40
breathe,top,41
tian,jng,42
xiaohu,mid,43
light,bot,44
hang,sup,45
hery,top,46
heng,jng,47
linfeng,mid,48
starry,bot,49
moham,sup,50
kangin,top,51
sylvie,jng,52
calix,mid,53
lucy,bot,54
vital,sup,55
lancer,top,56
ddoiv,jng,57
pungyeon,mid,58
slayer,bot,59
quantum,sup,60
lonely,top,61
ellim,jng,62
starlit,mid,63
levy,bot,64
kice,sup,65
haetae,top,66
vincenzo,jng,67
poby,mid,68
smash,bot,69
cloud,sup,70
zika,top,71
weiwei,jng,72
haichao,mid,73
photic,bot,74
zhuo,sup,75
hoya,top,76
beichuan,jng,77
setab,mid,78
1xn,bot,79
feather,sup,80
soboro,top,81
bonnie,jng,82
daystar,mid,83
envyy,bot,84
career,sup,85
rooster,top,86
grizzly,jng,87
tempester,mid,88
pyeonsik,bot,89
bluffing,sup,90
jaehyuk,top,91
sharvel,jng,92
garden,mid,93
wayne,bot,94
thumb,sup,95
casting,top,96
youngjae,jng,97
zinie,mid,98
paduck,bot,99
peter,sup,100
xiaoxu,top,101
milkyway,jng,102
tangyuan,mid,103
jiaqi,bot,104
lele,sup,105
sheer,top,106
sorrow,jng,107
care,mid,108
bat,bot,109
jwei,sup,110
frog,top,111
juhan,jng,112
kyeahoo,mid,113
lazyfeel,bot,114
pleata,sup,115
hanbyeol,top,116
winner,jng,117
kemish,mid,118
about,bot,119
namgung,sup,120
ibo,top,121
bluerzor,jng,122
twohoyrz,mid,123
coldraa,bot,124
pyrka,sup,125
ethe,top,126
elojoninja,jng,127
ptt,mid,128
adryh,bot,129
escox,sup,130
marky,top,131
sn1lle,jng,132
hydra,mid,133
shy carry,bot,134
click,sup,135
selenex,top,136
infinity,jng,137
macaquino,mid,138
ecstassy,bot,139
smarty,sup,140
badlulu,top,141
ferret,jng,142
feisty,mid,143
aetinoth,bot,144
lospa,sup,145
cpm,top,146
time,jng,147
miniduke,mid,148
rayito,bot,149
thomas,sup,150
spooder,top,151
eckas,jng,152
fresskowy,mid,153
unf0rgiven,bot,154
kamilius,sup,155
sinmivak,top,156
koldo,jng,157
escik,mid,158
andariel,bot,159
ilevi,sup,160
tracyn,top,161
daglas,jng,162
sajator,mid,163
rin,bot,164
kaiser,sup,165
whiteknight,top,166
thayger,jng,167
czekolad,mid,168
legolas,bot,169
whiteinn,sup,170
morgan,top,171
hambak,jng,172
clozer,mid,173
hype,bot,174
pollu,sup,175
rich,top,176
sponge,jng,177
ucal,mid,178
andil,sup,179
1jiang,top,180
junhao,jng,181
saber,mid,182
wako,bot,183
rosielove,sup,184
dudu,top,185
pyosik,jng,186
bulldog,mid,187
berserker,bot,188
life,sup,189
kingen,top,190
gideon,jng,191
fisher,mid,192
jiwoo,bot,193
lehends,sup,194
baus,top,195
velja,jng,196
nemesis,mid,197
crownie,bot,198
rekkles,sup,199
vizicsacsi,top,200
santorin,jng,201
noway,mid,202
xmatty,bot,203
treatz,sup,204
mietek,top,205
lulas,jng,206
kaymin,mid,207
exofeng,bot,208
kasing,sup,209
maxi,mid,210
noname,jng,211
ronaldo,top,212
mishi,bot,213
obstinatus,sup,214
wntr,top,215
hybradge,jng,216
harbo,mid,217
rustysniper,bot,218
leolecargo,sup,219
papiteero,top,220
ronaldo,mid,221
clear,top,222
raptor,jng,223
vicla,mid,224
diable,bot,225
kellin,sup,226
perfect,top,227
cuzz,jng,228
bdd,mid,229
deokdam,bot,230
way,sup,231
sasi,top,232
climber,jng,233
xqw,mid,234
shaoye,bot,235
ycx,sup,236
flandre,top,237
tarzan,jng,238
shanks,mid,239
hope,bot,240
kael,sup,241
siwoo,top,242
lucid,jng,243
showmaker,mid,244
aiming,bot,245
beryl,sup,246
doran,top,247
oner,jng,248
faker,mid,249
gumayusi,bot,250
keria,sup,251
perkz,mid,252
jankos,jng,253
yamatocannon,top,254
humzh,bot,255
hustlin,sup,256
banderas,top,257
nyx,jng,258
hawhaw,mid,259
ragnarr,bot,260
eski,sup,261
buchi,top,262
bitse,jng,263
bissejr15,mid,264
faetski,bot,265
calmsky,sup,266
elijah,top,267
kiki,jng,268
lofti,mid,269
mauki,bot,270
lorenz,sup,271
perkz,top,272
lider,mid,273
turtle,top,274
taxvig,jng,275
jayjay,mid,276
ardaffler,bot,277
rutzou,sup,278
nomi,bot,279
zuhy,mid,280
kiin,top,281
canyon,jng,282
chovy,mid,283
ruler,bot,284
duro,sup,285
zeus,top,286
peanut,jng,287
zeka,mid,288
viper,bot,289
delight,sup,290
zdz,top,291
xiaohao,jng,292
angel,mid,293
assum,bot,294
wink,sup,295
bin,top,296
wei,jng,297
knight,mid,298
elk,bot,299
on,sup,300
bull,bot,301
rest,top,302
junjia,jng,303
hongq,mid,304
doggo,bot,305
kaiwing,sup,306
kratos,top,307
gury,jng,308
kati,mid,309
shogun,bot,310
siuloong,sup,311
driver,top,312
evi,top,313
courage,jng,314
fate,mid,315
marble,bot,316
gaeng,sup,317
kiaya,top,318
levi,jng,319
aress,mid,320
artemis,bot,321
elio,sup,322
369,top,323
kanavi,jng,324
creme,mid,325
jackeylove,bot,326
crisp,sup,327
cube,top,328
tianzhen,jng,329
karis,mid,330
taeyoon,bot,331
vampire,sup,332
hiro02,top,333
hizto,jng,334
dire,mid,335
eddie,bot,336
taki,sup,337
rayfarky,top,338
guwon,jng,339
aria,mid,340
kakkun,bot,341
harp,sup,342
janis,jng,343
azhi,top,344
karsa,jng,345
fofo,mid,346
betty,bot,347
woody,sup,348
biopanther,top,349
mir,jng,350
jimien,mid,351
leemas,bot,352
luon,sup,353
carlsen,top,354
sheo,jng,355
kamiloo,mid,356
flakked,bot,357
stend,sup,358
adam,top,359
malrang,jng,360
larssen,mid,361
patrik,bot,362
execute,sup,363
naak nako,top,364
lyncas,jng,365
czajek,mid,366
carzzy,bot,367
hylissang,sup,368
irrelevant,top,369
113,jng,370
nuc,mid,371
ice,bot,372
parus,sup,373
lot,top,374
closer,jng,375
jackies,mid,376
noah,bot,377
jun,sup,378
jnx,top,379
isma,jng,380
rkr,mid,381
rahel,bot,382
loopy,sup,383
myrwn,top,384
elyoya,jng,385
jojopyun,mid,386
supa,bot,387
alvaro,sup,388
oscarinin,top,389
razork,jng,390
humanoid,mid,391
upset,bot,392
mikyx,sup,393
canna,top,394
yike,jng,395
vladi,mid,396
caliste,bot,397
targamas,sup,398
brokenblade,top,399
skewmond,jng,400
caps,mid,401
hans sama,bot,402
labrov,sup,403
theshy,top,404
jiejie,jng,405
rookie,mid,406
gala,bot,407
meiko,sup,408
shanji,top,409
aki,jng,410
doinb,mid,411
leave,bot,412
ppgod,sup,413
ale,top,414
xun,jng,415
scout,mid,416
peyz,bot,417
missing,sup,418
minous,sup,419
alive,bot,420
aytekn,top,421
pallet,jng,422
fierce,mid,423
lindgarde,bot,424
centu,sup,425
petoska,top,426
nasut,jng,427
ivok,mid,428
checkfider,bot,429
leo d aras,sup,430
theserius,top,431
kokos,jng,432
faded,mid,433
mrphant0m,bot,434
wrongo,sup,435
sotsy,top,436
carnage,jng,437
tsiperakos,mid,438
rafitta,bot,439
gordinho,sup,440
nino,top,441
zankiller,jng,442
adyyy,mid,443
hattor1s,bot,444
sw3ry,sup,445
loading,top,446
behave,jng,447
satan,mid,448
odi11,bot,449
xavi,sup,450
pr1me,top,451
nikolex,jng,452
mentos,mid,453
neramin,bot,454
sparz,sup,455
kio,top,456
manaty,jng,457
peppe,mid,458
axelent,bot,459
reaver,sup,460
shelfmade,top,461
leb,jng,462
dajor,mid,463
bean,bot,464
limit,sup,465
fornoreason,top,466
white,jng,467
simpli,mid,468
denvoksne,bot,469
seaz,sup,470
sacre,top,471
techoteco,jng,472
zazee,mid,473
varry,bot,474
veignorem,sup,475
send0o,top,476
agurin,jng,477
phantasm,mid,478
innaxe,bot,479
efias,sup,480
szygenda,top,481
rhilech,jng,482
omon,mid,483
keduii,bot,484
doss,sup,485
hiro,top,486
shlatan,jng,487
toffe,mid,488
piwek,bot,489
myrtus,sup,490
smurfe,top,491
cboi,jng,492
six10,mid,493
vzz,bot,494
infoneral,sup,495
rocklho,top,496
afroboi,jng,497
relative,mid,498
noz2k,bot,499
tockimo,sup,500
sala,top,501
kensei,jng,502
verdes,mid,503
carros,bot,504
kodie,sup,505
dionelux,top,506
jeykup,jng,507
inzuh,mid,508
zewih,bot,509
banino,sup,510
ragner,top,511
xerxe,jng,512
serin,mid,513
jezu,bot,514
zoelys,sup,515
howling,top,516
theocacs,jng,517
sertuss,mid,518
hans samd,bot,519
prime,sup,520
the mountain,top,521
balyy,jng,522
camana,mid,523
crem,bot,524
justcan,sup,525
color,top,526
mafro,jng,527
furuy,mid,528
flicker,bot,529
shredder,sup,530
ilyxøu,top,531
goliah,jng,532
iwanan,mid,533
marth,bot,534
snake,sup,535
strava,top,536
kaboom,jng,537
divine,mid,538
mrfreezed,bot,539
hyorai,sup,540
empyros,top,541
zicssi,jng,542
eika,mid,543
comp,bot,544
erdote,sup,545
zest,top,546
stormax,jng,547
backlund,mid,548
matias,bot,549
honor,sup,550
maynter,top,551
boukada,jng,552
slowq,mid,553
3xa,bot,554
piero,sup,555
leny,top,556
rames,jng,557
diplex,mid,558
deadly,bot,559
twiizt,sup,560
nightslayer,top,561
d4nka,jng,562
nan0,mid,563
vaynedeta,bot,564
hungrypanda,sup,565
pride,top,566
jokaa,jng,567
powerofevil,mid,568
broeki,bot,569
lilipp,sup,570
armut,top,571
skeanz,jng,572
fiesta,mid,573
bao,bot,574
carry,sup,575
bong,top,576
xns,jng,577
kofte,mid,578
slayder,bot,579
mxe,sup,580
illlima,top,581
stefan,jng,582
ophelia,mid,583
grave,bot,584
joexy,sup,585
photon,top,586
kireas,jng,587
toland,mid,588
neon,bot,589
paixdia,sup,590
brokensword,top,591
baumeef,jng,592
lukyss,mid,593
reedfoo,bot,594
timr,sup,595
tomomaso,top,596
freaky dao,jng,597
kappa1,mid,598
kotvyc 74,bot,599
kocourek,sup,600
destroy,top,601
citrus,jng,602
mercy9,mid,603
scorth,bot,604
monkas,sup,605
nuq,top,606
typhoon,jng,607
jool,mid,608
toonge,bot,609
patch,sup,610
tochas,sup,611
kryze,top,612
markoon,jng,613
decay,mid,614
takeset,bot,615
mersa,sup,616
druk,bot,617
dndn,top,618
osman123,jng,619
ivory,mid,620
ruep,bot,621
farfetch,sup,622
mihile,top,623
zanzarah,jng,624
callme,mid,625
kaori,bot,626
batuuu,sup,627
starkyy,top,628
trila,jng,629
wallir,mid,630
only,bot,631
marco,sup,632
darkeszy,top,633
dvlk,jng,634
bless1,mid,635
huron,bot,636
xerray,sup,637
fluffy,jng,638
vertigo,top,639
lurox,jng,640
vetheo,mid,641
jopa,bot,642
fleshy,sup,643
milan,bot,644
saethra,top,645
miata,jng,646
slide,mid,647
morfan,bot,648
raijin,sup,649
tropy16,top,650
josifek04,jng,651
talentless,mid,652
etoo,bot,653
awerpis,sup,654
chef,jng,655
rexat,sup,656
krosak,top,657
arp,jng,658
mildorff,mid,659
luca brassi,bot,660
kotva,sup,661
vodin,top,662
vlaren,jng,663
dyego,mid,664
astrasmaug,bot,665
freestyle,sup,666
kinatu,top,667
forest,jng,668
recap,mid,669
samver,bot,670
raina,sup,671
senmary,top,672
tatsu,jng,673
wasteland,mid,674
chico,bot,675
poipi,sup,676
bkd yokiha,top,677
bkd meii,jng,678
bkd eria,mid,679
chilioil,bot,680
bkd anakin,sup,681
vk udon,top,682
vk jmicta,jng,683
vk velbellys,mid,684
vk motimotti11,bot,685
vk sag1rii,sup,686
kenma,top,687
popon,jng,688
saii,mid,689
odessa,bot,690
koisi,sup,691
perle,top,692
ncp sassappel,jng,693
ncp nangning,mid,694
ncp saru,bot,695
ncp lchallenge,sup,696
yuu,top,697
racon,jng,698
karaage,mid,699
tent,bot,700
okerumon,sup,701
hns nakamoto,top,702
hns ekkusu,jng,703
r1to,mid,704
hns rumi,bot,705
hns bera,sup,706
yyg mao,top,707
norwegian,jng,708
ligen,mid,709
yyg hourosummer,bot,710
taiyaki,sup,711
kkkkkkkkk,top,712
haldesu,jng,713
competitive,mid,714
rakii,bot,715
osaki,sup,716
ck razer,top,717
ck ss1,jng,718
ck saba,mid,719
damocles,bot,720
ck gomamugicha,sup,721
bvl fantasyleaf,top,722
bvl fubuki,jng,723
bvl uwaa,mid,724
bvl mayr,bot,725
bvl goodtry,sup,726
vel lambda,top,727
vel skinny,jng,728
vel beehiv3,mid,729
vel tetu,bot,730
vel fuki,sup,731
robo,top,732
wiz,jng,733
tinowns,mid,734
route,bot,735
winsome,sup,736
wizer,top,737
cariok,jng,738
dynquedo,mid,739
titan,bot,740
kuri,sup,741
boal,top,742
disamis,jng,743
kisee,mid,744
morttheus,bot,745
trymbi,sup,746
zothve,top,747
scary,jng,748
cody,mid,749
ceo,bot,750
prodelta,sup,751
fudge,top,752
contractz,jng,753
palafox,mid,754
bvoy,bot,755
zeyzal,sup,756
bwipo,top,757
inspired,jng,758
quad,mid,759
massu,bot,760
busio,sup,761
licorice,top,762
oddielan,jng,763
saint,mid,764
hena,bot,765
lyonz,sup,766
thanatos,top,767
blaber,jng,768
loki,mid,769
zven,bot,770
vulcan,sup,771
vk empty2,sup,772
koisi,bot,773
odessa,sup,774
hns r1to,mid,775
steller,top,776
burdol,top,777
josedeodo,jng,778
mireu,mid,779
snaker,bot,780
ackerman,sup,781
guigo,top,782
tatu,jng,783
tutsz,mid,784
ayu,bot,785
jojo,sup,786
fnb,top,787
aegis,jng,788
grevthar,mid,789
brance,bot,790
frosty,sup,791
hidan,top,792
drakehero,jng,793
fuuu,mid,794
marvin,bot,795
guigs,sup,796
castle,top,797
exyu,jng,798
abbedagge,mid,799
scaryjerry,bot,800
huhi,sup,801
sniper,top,802
river,jng,803
quid,mid,804
fbi,bot,805
eyla,sup,806
srtty,top,807
lira,jng,808
keine,mid,809
tomo,bot,810
isles,sup,811
impact,top,812
umti,jng,813
apa,mid,814
yeon,bot,815
corejj,sup,816
bananitoo,sup,817
j0j0c,mid,818
frajgo,top,819
rybson,jng,820
xayoo,mid,821
zamulek,bot,822
minemaciek,sup,823
kozi,top,824
zubac,jng,825
vasco,mid,826
woolite,bot,827
jactroll,sup,828
venour,top,829
rabble,jng,830
random,mid,831
fun k3y,bot,832
visdom,sup,833
melonik,top,834
sounda,jng,835
mrozku,mid,836
pangjin,bot,837
marlon,sup,838
agresivoo,top,839
shazq,jng,840
roison,mid,841
lothen,bot,842
czypsy,sup,843
ralf,bot,844
kars,top,845
kackos,top,846
kikis,jng,847
sebekx,mid,848
royeq,bot,849
raxxo,sup,850
arquel,top,851
xeonerr,jng,852
overpow,mid,853
lucker,bot,854
vander,sup,855
nice guy ben,top,856
xagog,jng,857
royalkanin,mid,858
syzyfek,bot,859
wildenbruch,sup,860
hatsu,top,861
dawciu,jng,862
matislaw,mid,863
anyone,bot,864
uden,sup,865
leks,top,866
belit,jng,867
buffi,mid,868
mis,bot,869
mystiques,sup,870
dzeffry,top,871
452apm,bot,872
katevolved,mid,873
tol2,top,874
brucee,jng,875
enapon,mid,876
l1mit,bot,877
justfocus,sup,878
sunleaf,bot,879
besu,sup,880
teddy,bot,881
momo,top,882
tobi,jng,883
rre,mid,884
deant9,bot,885
kurahuto,sup,886
akhasspun,sup,887
reedfoo,mid,888
morfan,mid,889
basraket,bot,890
taicho,top,891
89,jng,892
sucuranbul,mid,893
ezman,bot,894
sh1vq,sup,895
sheiden,jng,896
guti,bot,897
kingsblade,top,898
rewound,jng,899
makitah,mid,900
ace,bot,901
pinkmin,sup,902
lightfall,top,903
oda,jng,904
mirrowfox,mid,905
yoangi,bot,906
sh3ry,sup,907
xgenesis,top,908
molanes,jng,909
pepiinerojr,mid,910
kozak,bot,911
yur4ik,sup,912
pedrolo,top,913
hygon,jng,914
enigma,mid,915
yaavi,bot,916
bf,sup,917
katzgames,top,918
slice,jng,919
zeron,mid,920
bold,bot,921
whyx,sup,922
parlita,top,923
taba,jng,924
raedz,mid,925
ibai,bot,926
gilito,sup,927
doubleb,top,928
deceller,jng,929
cruse,mid,930
kodo,bot,931
malala,sup,932
patxipirata,top,933
slowyng,jng,934
crompir,mid,935
fliizee,bot,936
kellie,sup,937
zaiiche,top,938
wingate,jng,939
sora,mid,940
lazarus,bot,941
valehir,sup,942
urgaleex,top,943
regi,jng,944
ladybug,mid,945
sergiio,bot,946
storm,sup,947
poweh,top,948
ivama,jng,949
serch,mid,950
alnsht,bot,951
sweetmilk,sup,952
dani,top,953
prominence,jng,954
dyenn,mid,955
sorrow,bot,956
boohis,sup,957
snow,top,958
st3pz,bot,959
kick,sup,960
genos,jng,961
nitz,mid,962
rosa,bot,963
cicil,sup,964
pan,top,965
nero,jng,966
kaze,mid,967
beenie,bot,968
konseki,sup,969
kiari,top,970
soweto,jng,971
lynkez,mid,972
buero,bot,973
krastymel,sup,974
forlin,top,975
ancrath,jng,976
juliera,bot,977
thominhas,sup,978
ayel,top,979
dizin,jng,980
envy,mid,981
micao,bot,982
bulas,sup,983
tyrin,top,984
sting,jng,985
xico,mid,986
trigo,bot,987
telas,sup,988
lgr v4mpyre,top,989
k0g0la,jng,990
lgr porttinari,mid,991
naitz,bot,992
child,sup,993
fame,jng,994
kaba,bot,995
zafir,sup,996
wind1,top,997
dahvys,jng,998
alishor,top,999
lens,bot,1000
chap1nho,top,1001
uroskg,jng,1002
shizika,mid,1003
pcelica,bot,1004
abyss,sup,1005
falleo,top,1006
doubleaim,jng,1007
marrow ooze,mid,1008
plox,bot,1009
lauxio,sup,1010
nenad,top,1011
blueboar,jng,1012
pesho,mid,1013
devn,bot,1014
sekkou,sup,1015
heprex,top,1016
vuxan,jng,1017
veru,mid,1018
lixo,bot,1019
dejo,sup,1020
eyliph,top,1021
nicolaiy,jng,1022
vigil,mid,1023
mihai,bot,1024
tasteless,sup,1025
app,top,1026
earyz,jng,1027
fenz1,mid,1028
xddyuki,bot,1029
passzi,sup,1030
jimsnop,mid,1031
wunder,top,1032
fikus,top,1033
praevius,top,1034
soge,mid,1035
burence,sup,1036
shad0w,jng,1037
kenal,bot,1038
bobsik,top,1039
oleg,jng,1040
uniquecorn,mid,1041
notiko,bot,1042
robko,sup,1043
hyper720,top,1044
0ri,jng,1045
benda,mid,1046
rias1,bot,1047
marlley,sup,1048
bobista,top,1049
adi1,jng,1050
stanik,mid,1051
raining,bot,1052
peto,sup,1053
prachoun,top,1054
reshiram1,jng,1055
toumes,mid,1056
demoncior,bot,1057
luknom,sup,1058
adiss,top,1059
akabane,jng,1060
heroic,mid,1061
kneza,bot,1062
sunfry,sup,1063
vopi,top,1064
gekkoszaby,jng,1065
ferenc,mid,1066
david,bot,1067
d0kai,sup,1068
welcom,top,1069
savero,jng,1070
fade,mid,1071
ascend,bot,1072
fgg,sup,1073
addusto,top,1074
fallen,jng,1075
d1verse,mid,1076
esko,bot,1077
mita,sup,1078
yeti,top,1079
bicas,jng,1080
fsz,mid,1081
sirinox,bot,1082
cherry,sup,1083
robocop,top,1084
shift,jng,1085
many,mid,1086
strode,bot,1087
denyk,sup,1088
mycash,top,1089
sojo,jng,1090
koubee,mid,1091
blackswan,bot,1092
kolios,sup,1093
scarpy,top,1094
foobar,jng,1095
roobin,mid,1096
landy,bot,1097
sobakk,sup,1098
koczis,jng,1099
arcano,jng,1100
tan0,jng,1101
yskm,top,1102
gemini,jng,1103
pretender,mid,1104
shunn,bot,1105
mnm,sup,1106
zkai,top,1107
xin,jng,1108
ka1ser,mid,1109
cuicuixi,bot,1110
2274,sup,1111
monki,jng,1112
leaky,top,1113
kongyue,jng,1114
nestea,mid,1115
lilv,bot,1116
koala,sup,1117
likai,top,1118
hotpot,jng,1119
minji,mid,1120
cheng9,bot,1121
kerry,sup,1122
flauren,top,1123
665,jng,1124
hongsuo,mid,1125
feng,bot,1126
shiauc,sup,1127
weizhe,top,1128
renye,jng,1129
bulukaka,mid,1130
dotmm,bot,1131
orca,sup,1132
miyuuri,sup,1133
ryue,top,1134
killer2,jng,1135
1116,mid,1136
chillguys,bot,1137
kino,sup,1138
adizai,top,1139
xinshou1,jng,1140
qubi,mid,1141
prage,bot,1142
overt1me,sup,1143
shinkalhee,top,1144
sergmade,mid,1145
jjs156,top,1146
maru,jng,1147
dolis,mid,1148
sm0ozi,bot,1149
kkero,sup,1150
maiyuk,top,1151
pipibaat,jng,1152
painful,mid,1153
mrhb,bot,1154
stookbeer,sup,1155
randombruce,top,1156
whip,top,1157
shibi,jng,1158
marty,mid,1159
afriibi,bot,1160
j3rkie,sup,1161
barrage,top,1162
joekie,jng,1163
phoenix,mid,1164
asza,bot,1165
anthrax,sup,1166
surdinz,top,1167
errado,jng,1168
darkblue,mid,1169
nba,bot,1170
manuemdo,sup,1171
degh,top,1172
stank,jng,1173
bankai,mid,1174
dezo,bot,1175
kancolf,sup,1176
st1 diogoo,top,1177
st1 definitly,jng,1178
st1 shimzu,mid,1179
st1 peqrek,bot,1180
st1 juarezz,sup,1181
d4rtaine,top,1182
realr,jng,1183
ida,bot,1184
soul,sup,1185
jimsnop,sup,1186
yen,bot,1187
salami,bot,1188
hof martim,top,1189
hof vicarious,jng,1190
eskimas,mid,1191
pikasensei,bot,1192
pyoox,sup,1193
nf erika,top,1194
nf saibotbias,jng,1195
nf leviatan,mid,1196
nf geraldes,bot,1197
nf albino poro,sup,1198
kaylem,top,1199
d4sh,jng,1200
fred,mid,1201
booshi,bot,1202
redfernal,sup,1203
meoow,top,1204
ceasarna,jng,1205
narttaker,mid,1206
rashiro,bot,1207
nodu,sup,1208
nf oshii,bot,1209
hof primata,bot,1210
hof crisrock,sup,1211
niket,sup,1212
pivolj,jng,1213
early bird,top,1214
chrislai,jng,1215
rachy,mid,1216
khaydarin,bot,1217
staargazing,sup,1218
babuleh,top,1219
dandom,jng,1220
bcan,mid,1221
space,bot,1222
baul,sup,1223
pcelica,jng,1224
shizika,bot,1225
thegreatgary,top,1226
apatheia,jng,1227
fantomisto,mid,1228
daksider,bot,1229
wuis,sup,1230
ffernandes,top,1231
burningstar,jng,1232
mettalica,mid,1233
oceann,bot,1234
antos,sup,1235
hesszero,top,1236
guertas,jng,1237
marbirius,mid,1238
choego,bot,1239
mahonix,sup,1240
axo,top,1241
maxoutigrou,jng,1242
druust,mid,1243
dan,bot,1244
polychiki,sup,1245
djoko,jng,1246
conformista,top,1247
kalenboss,jng,1248
rapmonsters,mid,1249
caner,bot,1250
rafal,sup,1251
5m crop,top,1252
5m theop,jng,1253
azura,mid,1254
5m ratao,bot,1255
5m profirio,sup,1256
hildebrandt,top,1257
paparotis,bot,1258
chova,sup,1259
septico1,top,1260
dean,jng,1261
koussay,mid,1262
antonio,bot,1263
furby,sup,1264
maged,top,1265
alex234,jng,1266
secrett,mid,1267
kehvo,bot,1268
b butcher,sup,1269
beyond,top,1270
bartonar,jng,1271
magic,mid,1272
rust,bot,1273
grèédy,sup,1274
claww,top,1275
noodle,jng,1276
sahira,mid,1277
unkn0wn5,bot,1278
frozen,sup,1279
boda,top,1280
elramir,jng,1281
giyuu,mid,1282
trigger,bot,1283
dekap,sup,1284
juzu,top,1285
skude,jng,1286
sencux,mid,1287
aklass,bot,1288
biskoo,sup,1289
caucha,top,1290
anonymouss,jng,1291
tibor,mid,1292
metroarcher,bot,1293
nio,sup,1294
shourdy,top,1295
own3r,jng,1296
noma,mid,1297
worst,bot,1298
joao,sup,1299
rev,top,1300
shanks,jng,1301
warner,mid,1302
fede,bot,1303
nova,sup,1304
handm,top,1305
kania,jng,1306
6ax,mid,1307
nawaf,bot,1308
goliath,sup,1309
gup sidbuck,top,1310
mercury,jng,1311
arutnevjr,mid,1312
arutnev,bot,1313
gup ricarderix,sup,1314
ber outskale,top,1315
ber cerelac,jng,1316
dumbao,mid,1317
ber berimbau,bot,1318
ber lunatik,sup,1319
tiwaz,sup,1320
mezze,top,1321
dumbao,top,1322
ber lunatik,mid,1323
ber besnaga,bot,1324
ber berimbau,sup,1325
easylove,bot,1326
rassiel,sup,1327
bwater,top,1328
xiaoxiang,mid,1329
grx,jng,1330
fugu,top,1331
guanch0,mid,1332
ladybug,bot,1333
fool,sup,1334
nanchuco,bot,1335
sun1,top,1336
masuyo,mid,1337
xeanny,top,1338
paresz,jng,1339
lagolinas,mid,1340
endless,bot,1341
mood,sup,1342
libra,top,1343
exile1,jng,1344
helforca,mid,1345
yakkey,bot,1346
gaarfield,sup,1347
danilo,top,1348
sikterr,jng,1349
diva,mid,1350
paladin,bot,1351
lucky,sup,1352
v1sag3,top,1353
deliverzz,jng,1354
domoles,mid,1355
deatharrow,bot,1356
rilski,sup,1357
emo,mid,1358
huubiii,bot,1359
biiiy,jng,1360
drofan,jng,1361
druxy,bot,1362
danki,top,1363
sad cuzni,jng,1364
sad raizy,mid,1365
humble,bot,1366
pigeonx,sup,1367
frac radar,bot,1368
enricfh,jng,1369
kituruken,jng,1370
nash,sup,1371
bandit,jng,1372
ivok,top,1373
fla01,sup,1374
ze luis,sup,1375
wittman,bot,1376
zwyroo,mid,1377
faith,jng,1378
alleycat,mid,1379
kwebz,sup,1380
bkd razu,bot,1381
rigel,top,1382
yusah,jng,1383
tt,mid,1384
harky,bot,1385
callian,sup,1386
kazunn,top,1387
heart,jng,1388
henli,mid,1389
skyk,bot,1390
biob,sup,1391
sparda,top,1392
tomrio,jng,1393
vin,mid,1394
aomine,bot,1395
bie,sup,1396
jarvis,top,1397
kheng,jng,1398
lozer,mid,1399
neo,bot,1400
tq,sup,1401
nanaue,top,1402
phuc1,jng,1403
naviah,mid,1404
pain5,bot,1405
tahahy,sup,1406
vietthanh,top,1407
kuroko1,jng,1408
hustle,mid,1409
hhiep,bot,1410
hungtwo,sup,1411
pun,top,1412
draktharr,jng,1413
playcool,mid,1414
puddin,bot,1415
soraaa,sup,1416
kngo,top,1417
tiphat,jng,1418
zzeta,mid,1419
slowz,bot,1420
kairi,sup,1421
paparotis,sup,1422
ty,jng,1423
rwei,jng,1424
piccolo,sup,1425
p9,jng,1426
sun1,bot,1427
pankiu,mid,1428
dntl,top,1429
fireblade,top,1430
ouzi,bot,1431
kanashimi,mid,1432
magico,mid,1433
wingate,top,1434
clayce,jng,1435
doubleaces,jng,1436
pcs oq12,jng,1437
rouzoe,mid,1438
pika1,bot,1439
pinvvei,sup,1440
masuhana,top,1441
listo,jng,1442
yuri,mid,1443
maddogg9,bot,1444
keres,sup,1445
hasu7,top,1446
adiogs,mid,1447
chich1,bot,1448
tns,sup,1449
pcs oq01,top,1450
pcs oq02,jng,1451
pcs oq03,mid,1452
pcs oq04,bot,1453
pcs oq07,sup,1454
pcs oq31,top,1455
pcs oq32,jng,1456
pcs oq33,mid,1457
pcs oq34,bot,1458
pcs oq35,sup,1459
pcs oq61,top,1460
pcs oq67,jng,1461
pcs oq63,mid,1462
dawn,bot,1463
pcs oq65,sup,1464
kaii,bot,1465
pankiu,top,1466
opeduy,mid,1467
midnight,mid,1468
karakal jr,sup,1469
celo,top,1470
bulas,jng,1471
tyrin,mid,1472
hauz,bot,1473
tockers,sup,1474
buero,top,1475
envy,jng,1476
makes,mid,1477
revolta,bot,1478
zynts,top,1479
doom,jng,1480
rabelo,bot,1481
uzent,sup,1482
xyno,top,1483
sarolu,jng,1484
qats,mid,1485
smiley,bot,1486
scamber,sup,1487
supercleber,top,1488
stiner,jng,1489
los  m g,mid,1490
netuno,bot,1491
sanghyeon,sup,1492
yupps,top,1493
yampi,jng,1494
pilot,mid,1495
ninjakiwi,bot,1496
momochi,sup,1497
zekas,top,1498
mewkyo,jng,1499
aithusa,mid,1500
celo,bot,1501
cavalo,sup,1502
makes,top,1503
thayt,jng,1504
anyyy,mid,1505
aikawa,bot,1506
zay,sup,1507
hirit,top,1508
seize,jng,1509
hauz,mid,1510
scuro,bot,1511
damage,sup,1512
whistle,mid,1513
cryscata,sup,1514
tide,bot,1515
taco,top,1516
renhao,jng,1517
whale,bot,1518
ahn,bot,1519
soap,mid,1520
dm ping,top,1521
dm suisei,jng,1522
dragonblood,mid,1523
dm history,bot,1524
charley,sup,1525
ck gotae,top,1526
ck razer,mid,1527
ck ls,sup,1528
rpg claude,top,1529
rpg shawshank,jng,1530
rpg kikumin,mid,1531
rpg mcgrath,bot,1532
rpg kukka,sup,1533
vk peakey,sup,1534
totoro,sup,1535
hns phast,sup,1536
bls fantasyleaf,top,1537
bls 1kk1,jng,1538
bls shironeco,mid,1539
bls taita,bot,1540
kreative,mid,1541
naina,bot,1542
yyg magus,sup,1543
bvl udon,top,1544
bvl uwaaaa,mid,1545
bvl snow panda,sup,1546
washidai,top,1547
el,jng,1548
dice,mid,1549
yuhi,bot,1550
hetel,sup,1551
dg applepasta,top,1552
dg suyahime,jng,1553
dg hatinyang,mid,1554
dg wing,bot,1555
dg toraneko,sup,1556
rpg petal,jng,1557
dm poshigi8,mid,1558
dragonblood,sup,1559
kch jericho,mid,1560
kingi,jng,1561
ianshaka,bot,1562
fvn shuhari,sup,1563
wamu,top,1564
funky dog,jng,1565
didi,mid,1566
lac,bot,1567
gastruks,sup,1568
dinastik,top,1569
7d alluk,jng,1570
saifer,mid,1571
hika,bot,1572
fortu,sup,1573
seeker,top,1574
camilonicolau,jng,1575
hitsu,mid,1576
viciun,bot,1577
feitan,sup,1578
xiaoxia,sup,1579
enigma,sup,1580
f3iv,mid,1581
fue devost,top,1582
booki,jng,1583
zelt,mid,1584
gavotto,bot,1585
shiku,sup,1586
haka,top,1587
feng,jng,1588
loers,mid,1589
andreus,bot,1590
betatwinz,sup,1591
soweto,bot,1592
zoen,top,1593
inf stepz,jng,1594
gus,mid,1595
fatorix,bot,1596
toplop,sup,1597
zhayend,top,1598
andathy,jng,1599
odd chomp,mid,1600
solorio,bot,1601
tyr,sup,1602
leleko,mid,1603
manel,sup,1604
steellar,top,1605
lio,jng,1606
keptt,mid,1607
sully,bot,1608
kanra,sup,1609
putin,top,1610
blind walker,jng,1611
skyy,mid,1612
naros,bot,1613
yerikan,sup,1614
drsaw,top,1615
phoenix,top,1616
kruimel,mid,1617
snsh john p,sup,1618
ouat kkero,sup,1619
scientrist,sup,1620
m g,mid,1621
kojima,bot,1622
jeskla,bot,1623
reptile,bot,1624
dec0y,top,1625
lojaz,jng,1626
phymini,mid,1627
bazz,bot,1628
pockus,sup,1629
horder,top,1630
kisno,jng,1631
darkwings,mid,1632
cnv chrome,bot,1633
minui,sup,1634
tf blade,top,1635
spica,jng,1636
pobelter,mid,1637
doublelift,bot,1638
biofrost,sup,1639
fakegod,top,1640
tomio,jng,1641
insanity,mid,1642
tactical,bot,1643
basei,bot,1644
mask,mid,1645
chasy,top,1646
gori,mid,1647
nawa,bot,1648
baut,sup,1649
urban,sup,1650
roi demon,jng,1651
ever,jng,1652
madara,mid,1653
ipecacuhana,sup,1654
drcalculus,top,1655
bio,jng,1656
pls aadam,mid,1657
hub,bot,1658
pls tubs,sup,1659
zamudo,top,1660
yuuji,jng,1661
spirax,mid,1662
sajed,bot,1663
zyko,sup,1664
crimson,top,1665
dardoch,jng,1666
aojune,mid,1667
array,bot,1668
breezy,sup,1669
sn strai,top,1670
keel,jng,1671
asilah,mid,1672
shogo,bot,1673
rhino,sup,1674
denathor,top,1675
wilson,jng,1676
sword,mid,1677
mobility,bot,1678
only35,sup,1679
qwacker,top,1680
music,jng,1681
samikin,mid,1682
levitate,bot,1683
rovex,sup,1684
airren,bot,1685
bfx bangin,top,1686
bfx rang,jng,1687
hinata,mid,1688
bfx lost,bot,1689
bfx should,sup,1690
dk nevid,top,1691
solid,jng,1692
dk seonwoo,mid,1693
jinbeom,bot,1694
dk shadow,sup,1695
kt a ripple,top,1696
kt a soft,jng,1697
kt a cid,mid,1698
kt a fenrir,bot,1699
kt a pleasure,sup,1700
guardian,top,1701
zephyr,jng,1702
solbon,mid,1703
mudai,bot,1704
gga hosanna,sup,1705
nsa achael,top,1706
sappang,jng,1707
nsa chien,mid,1708
nsa bada,bot,1709
nsa namsi,sup,1710
janus,top,1711
painter,jng,1712
hwichan,mid,1713
oddeye,bot,1714
midir,top,1715
prever,jng,1716
flip,mid,1717
dnf euphoria,bot,1718
cobit,sup,1719
drx sun eater,top,1720
drx nerion,jng,1721
akaje,mid,1722
drx xerone,bot,1723
drx lirua,sup,1724
hle panther,top,1725
jackal,jng,1726
cracker,mid,1727
hle eclipse,bot,1728
hle hailstone,sup,1729
aim4,mid,1730
rpg kikumin,sup,1731
panther,top,1732
eclipse,bot,1733
hailstone,sup,1734
hosanna,sup,1735
nevid,top,1736
seonwoo,mid,1737
shadow,sup,1738
sun eater,top,1739
nerion,jng,1740
xerone,bot,1741
lirua,sup,1742
bangin,top,1743
rang,jng,1744
lost,bot,1745
should,sup,1746
euphoria,bot,1747
achael,top,1748
chien,mid,1749
bada,bot,1750
namsi,sup,1751
ripple,top,1752
soft,jng,1753
cid,mid,1754
fenrir,bot,1755
pleasure,sup,1756
dragonblood,jng,1757
dm poshigi8,jng,1758
nisqy,sup,1759
skeeto,top,1760
unforgiven,jng,1761
doni,mid,1762
horus,bot,1763
keishao,sup,1764
sunblast,top,1765
chordy,jng,1766
strensh,mid,1767
frixter,bot,1768
shookz,jng,1769
chordy,mid,1770
strensh,bot,1771
mvg doni1,mid,1772
alluk,jng,1773
7d 6onza,bot,1774
7d max,sup,1775
enga,mid,1776
cypher,bot,1777
vital,bot,1778
crack,sup,1779
shavo,top,1780
daiky,jng,1781
seiya,mid,1782
intio,bot,1783
l1,sup,1784
keii,top,1785
grell,jng,1786
leza,mid,1787
dya,bot,1788
ichiwin,sup,1789
tuercas,top,1790
chompy,mid,1791
relax,sup,1792
devost,top,1793
stepz,jng,1794
sully,mid,1795
nannini,bot,1796
starhide,sup,1797
willer,jng,1798
berr,sup,1799
jamie,bot,1800
undefined,sup,1801
raizy,mid,1802
built,top,1803
lucker,sup,1804
joki37,jng,1805
alvanai,mid,1806
nikiyas,bot,1807
roo,sup,1808
nvillada,top,1809
pancake,jng,1810
kiefer,mid,1811
bardito,sup,1812
shu hari,sup,1813
amarizo,mid,1814
rg konan3,top,1815
renewal,jng,1816
rhythm,bot,1817
inspire,mid,1818
rajed,top,1819
n3znamy,jng,1820
sjakal,jng,1821
vayu,mid,1822
reje,bot,1823
sniiier,sup,1824
doxy,top,1825
guubi,jng,1826
knighter,mid,1827
kobbe,bot,1828
wendel,sup,1829
ver tayron,top,1830
vayu,top,1831
zoiren,mid,1832
aadurrr,mid,1833
bruhruto,sup,1834
ami dcoy,top,1835
xavian,bot,1836
soul1,jng,1837
dvlk,mid,1838
siron1,sup,1839
busvicke,top,1840
rising,jng,1841
captainsexy,bot,1842
ludas matyi,sup,1843
deidara,top,1844
fragola,jng,1845
vyctor,mid,1846
brizz,bot,1847
paolocannone,sup,1848
lobellan,top,1849
eko dvn,mid,1850
ducks,sup,1851
metroflox,jng,1852
sadaz,mid,1853
mkr,bot,1854
orthozero,sup,1855
gaëthan,top,1856
nattynatt,jng,1857
peng,mid,1858
nata,bot,1859
goldenpenny,bot,1860
seneca,sup,1861
kulvas,top,1862
stray,top,1863
bct r0se,mid,1864
enapon,sup,1865
dm p1ng,top,1866
ramune,mid,1867
nesty,jng,1868
dg w1ng,bot,1869
mt2 epic,top,1870
mt2 trollnekton,jng,1871
mt2 lstephanl,mid,1872
mt2 casey,bot,1873
mt2 jetski,sup,1874
flamer,top,1875
jit,jng,1876
wcd,mid,1877
dreilix,bot,1878
psycraw,sup,1879
hollow,top,1880
striker,jng,1881
unchained,mid,1882
chryssey,bot,1883
valenjin,sup,1884
me souma ria,top,1885
tommy,jng,1886
me sprinta,mid,1887
me zyon,bot,1888
faded,sup,1889
kamon,top,1890
autophil,jng,1891
bladeshow,mid,1892
sola,bot,1893
kutcher,sup,1894
nice guy ben,mid,1895
royalkanin,top,1896
archfiend,top,1897
warshogun,jng,1898
fogzy,mid,1899
impulse,bot,1900
luis,sup,1901
crowdy,top,1902
woldjo,jng,1903
nite,mid,1904
rabstar,bot,1905
wachonbb,sup,1906
sprotte,top,1907
a1ma gimko,jng,1908
a1ma pucki,mid,1909
xelar,bot,1910
a1matrailblazer,sup,1911
vikes,top,1912
goose,jng,1913
hnvr boempel,mid,1914
hnvr storm,bot,1915
ranorr,sup,1916
hap derschrank,top,1917
mac abert,jng,1918
toxy,mid,1919
hap dishonored,bot,1920
ecogentlemanher,top,1921
bananiasty,jng,1922
dman,mid,1923
kazing,bot,1924
akira,sup,1925
roamer,mid,1926
ganks,jng,1927
shini,jng,1928
redbert,sup,1929
mago,mid,1930
ceos,sup,1931
gom,sup,1932
dg hatinyang,jng,1933
dg suyahime,mid,1934
jericho,mid,1935
r0se,mid,1936
bola,bot,1937
mun,sup,1938
icytower,mid,1939
virusfx,bot,1940
liweier,jng,1941
5t5,jng,1942
lp,bot,1943
sweeho,mid,1944
levy,top,1945
mission,mid,1946
xiaomi,jng,1947
ellim,top,1948
yukin0,bot,1949
semike,mid,1950
cinkrof,jng,1951
kaseko,sup,1952
starscreen,top,1953
guli,jng,1954
maxi,jng,1955
baca,mid,1956
rhuckz,sup,1957
ianathealpha,sup,1958
sangrod,top,1959
sriffow,jng,1960
makk,top,1961
svns,bot,1962
arnax,top,1963
jenxas,jng,1964
domas,mid,1965
frexey,bot,1966
endz,sup,1967
6onza,bot,1968
maxterium,sup,1969
kumew,bot,1970
viciun,sup,1971
chordy,sup,1972
naiyou,jng,1973
tamoz,top,1974
vasked,sup,1975
pmk,top,1976
yuta,jng,1977
liivek,mid,1978
sidav,bot,1979
smifi,sup,1980
enkil,sup,1981
santa,jng,1982
anniebot,mid,1983
krest,top,1984
f0x fr0zen,sup,1985
tayron,top,1986
marzaya,top,1987
foxie,mid,1988
deadhound,bot,1989
chan,top,1990
c7,top,1991
konan,top,1992
panda2,mid,1993
leo s man,sup,1994
daemi,mid,1995
klownz,sup,1996
fynox,bot,1997
aeru,bot,1998
yukino,jng,1999
bull,top,2000
pbd,sup,2001
ngx bey0nd,top,2002
sup cako,bot,2003
sintax,mid,2004
bvl fake1,sup,2005
dm p1ng,mid,2006
dragonblood,top,2007
pako,bot,2008
twendddy,top,2009
qlibali,jng,2010
lind,mid,2011
yellowmoonkey,bot,2012
excaliburt,sup,2013
luke,top,2014
akre,jng,2015
vfb baumi,mid,2016
tazaku,bot,2017
stormfury,sup,2018
tayto,top,2019
hummelu,jng,2020
azuka,mid,2021
looki,bot,2022
ephekles,sup,2023
pme zoro,top,2024
zerberus,jng,2025
pme asykz,mid,2026
pme den,bot,2027
pme calypse,sup,2028
fisher,top,2029
r4g acke,jng,2030
r4g zagon,mid,2031
frappii,bot,2032
teazing,sup,2033
lizia,top,2034
emprez,jng,2035
apollonia,mid,2036
miella,bot,2037
kyanna,sup,2038
kikis,top,2039
hades2,jng,2040
shyro,sup,2041
kga darky,top,2042
kga senor,jng,2043
jakoo,mid,2044
kga slimsnoker,bot,2045
tiger,sup,2046
vr alucard,top,2047
fishue,jng,2048
vr highping,mid,2049
vr omen,bot,2050
sacura,sup,2051
sven,top,2052
pasu,jng,2053
fooneses,mid,2054
dizl,bot,2055
jakobobbi,sup,2056
bl vinni wonka,top,2057
sapphire,jng,2058
blweaksidewizar,mid,2059
bl niko reaper,bot,2060
bl frechdachs,sup,2061
niqkl,top,2062
denizzz,jng,2063
zero,mid,2064
ryuk,bot,2065
lumi,sup,2066
ady,top,2067
minu,jng,2068
liar,bot,2069
rafbin,mid,2070
benaset,sup,2071
c0st0m,mid,2072
summit,top,2073
someone,mid,2074
skyp,bot,2075
gato,sup,2076
jauny,top,2077
mataz,jng,2078
bradley,mid,2079
instinct,bot,2080
baula,sup,2081
hamudis,jng,2082
domas,sup,2083
ranger,jng,2084
sassappel,jng,2085
bruno,mid,2086
bartonar,top,2087
ajwad,jng,2088
ihebic,sup,2089
erha,sup,2090
watket,sup,2091
brokensword,jng,2092
reje,mid,2093
baki,bot,2094
hof zezin,top,2095
wuanted,jng,2096
waterbender,mid,2097
hof thunderpeng,sup,2098
phyraxx,top,2099
nowfin,jng,2100
nt ripper1,mid,2101
aitlade,bot,2102
ssaiko,jng,2103
dawi,mid,2104
impp,sup,2105
gtz gary,top,2106
dome,jng,2107
shakur,bot,2108
joao,top,2109
exduardo,bot,2110
flh frankfurt,bot,2111
lvs,top,2112
tumay,jng,2113
rozpier,sup,2114
pabu,jng,2115
electro,bot,2116
charlotte,mid,2117
sty1e,bot,2118
xiaofang,jng,2119
marzo,bot,2120
nary,top,2121
zorenous,top,2122
husha,jng,2123
violet,bot,2124
fishireal,mid,2125
vares,mid,2126
zeypher,bot,2127
mitir,jng,2128
intensitive,mid,2129
vayzer,bot,2130
toayin,sup,2131
elix1r,jng,2132
nasser,jng,2133
felopo,top,2134
icebreaker,top,2135
advienne,sup,2136
tenacity,top,2137
kryra,jng,2138
toasty,mid,2139
spawn,bot,2140
cryogen,sup,2141
guppy,bot,2142
freaky dao,sup,2143
crow,sup,2144
ripper,mid,2145
avra,bot,2146
mysterias,top,2147
alan,sup,2148
danden,jng,2149
pulzer,mid,2150
maty,sup,2151
alan,mid,2152
odd miracle2,sup,2153
dooly,mid,2154
wolfy,top,2155
skratt,jng,2156
nekro,jng,2157
xiaohuangren,jng,2158
akrantor,top,2159
zenoken,jng,2160
lvsyan,mid,2161
scars,bot,2162
jfortex,sup,2163
pikii,top,2164
croac,bot,2165
dextyle,sup,2166
ksaez,mid,2167
mimic,bot,2168
shimmer,jng,2169
ddahyuk,top,2170
birkyy,mid,2171
nightmares,sup,2172
zeniv,top,2173
shiina,jng,2174
rym,mid,2175
caltys,bot,2176
colomblbl,sup,2177
johnarnau,top,2178
nacho,jng,2179
wiker,bot,2180
aglaro,sup,2181
zezin,top,2182
thunderpeng,sup,2183
alba,jng,2184
sushee,bot,2185
kelpo,sup,2186
beishang,jng,2187
kahura,top,2188
ida,jng,2189
zzg sall,jng,2190
solokill,top,2191
spyke,top,2192
hm delta 1,bot,2193
dawerko,bot,2194
croco,jng,2195
slide,bot,2196
inspire,bot,2197
icon zeckro,top,2198
icon alitan,jng,2199
ice,mid,2200
icon ace2,bot,2201
icon betoez,sup,2202
friple,jng,2203
tomson,mid,2204
saifer,sup,2205
reaper,sup,2206
hps en,sup,2207
speedy,jng,2208
deletus,jng,2209
guirlande,jng,2210
woulou,top,2211
tiesel,bot,2212
rend,mid,2213
bananitoo,bot,2214
twohoyrz,sup,2215
six0x,bot,2216
erolle,sup,2217
tsc hammerul,jng,2218
tsc ninji,mid,2219
tsc azu,bot,2220
bizyze,sup,2221
bala,top,2222
meight,mid,2223
llh doma1,bot,2224
lagolinas,sup,2225
guti,mid,2226
eg yuta,top,2227
jcom,jng,2228
eg digit,mid,2229
eg ratel,bot,2230
eg zeetee,sup,2231
ngu souma,top,2232
ngu peterl,mid,2233
ngu slowz1,bot,2234
ngu seebulabu1,sup,2235
hst wady,jng,2236
hst david do,mid,2237
hst dinhviet,bot,2238
blue,sup,2239
coated,top,2240
ape thorfin,jng,2241
himmel,mid,2242
vit,bot,2243
cbl,sup,2244
zeuss,top,2245
vg dd1,jng,2246
vg thoc,mid,2247
sehun,bot,2248
vg misuop,sup,2249
warrior,top,2250
gz gon,jng,2251
gz frozen,sup,2252
be,top,2253
mg selxiss,jng,2254
mg qtc9,bot,2255
ldk,sup,2256
hc kzt,jng,2257
dipi,mid,2258
xiao,bot,2259
mot benny1,jng,2260
gtrik,mid,2261
pinki,bot,2262
vlaren,sup,2263
myth uncle iroh,top,2264
mgz lelouch2,bot,2265
carim,jng,2266
hst terry,mid,2267
seelame,bot,2268
richu,sup,2269
ngx tricky,jng,2270
salgueir0,jng,2271
quokka,top,2272
rpg hanya,top,2273
kiwi,jng,2274
sign,mid,2275
aim4,bot,2276
rpg mcgrath,sup,2277
sqg atrand,top,2278
sqg petal,jng,2279
lunatic,bot,2280
ls,sup,2281
vk fantasyleaf,top,2282
mutton,jng,2283
koisi,mid,2284
dg etude,top,2285
dg socceryakyu,jng,2286
dg kumuo,bot,2287
dm starranger,top,2288
p1ng,mid,2289
boo furafura,top,2290
boo blender,jng,2291
razer,mid,2292
yoshida,bot,2293
boo snow panda,sup,2294
yyg tory,top,2295
tima,jng,2296
vt nangning,mid,2297
vt saru,bot,2298
vt magus,sup,2299
hns skinny,jng,2300
vly tetu,bot,2301
boo razer,mid,2302
mutton,mid,2303
dawerko,sup,2304
ngu kngo1,top,2305
peterl,mid,2306
ngu kairi1,sup,2307
gon,jng,2308
sc alex,mid,2309
dd1,jng,2310
pht,mid,2311
suffer,sup,2312
dvlk,top,2313
eg raiderr,mid,2314
sqg lunatic,bot,2315
sqg ls,sup,2316
hns tetras256,mid,2317
rpg kiwi,jng,2318
rpg sign,mid,2319
rpg nakamura,bot,2320
vly hachim1,jng,2321
baiye,bot,2322
ee miflond,jng,2323
ds pooya,bot,2324
wt whisper,jng,2325
aincardz,jng,2326
sobek,mid,2327
manologap,top,2328
naau,jng,2329
marcv1,bot,2330
simpy,sup,2331
jandro,jng,2332
alén stark,mid,2333
guanch0,sup,2334
trick,jng,2335
malrang,sup,2336
ardo,sup,2337
arn,top,2338
piku,jng,2339
siler,mid,2340
mega,sup,2341
arven,mid,2342
ll,bot,2343
ninten,sup,2344
reaper,bot,2345
jabu,top,2346
en,sup,2347
whisper,jng,2348
mrjackson,jng,2349
hygon,sup,2350
hammerul,jng,2351
ninji,mid,2352
azu,bot,2353
lelouch,bot,2354
benny,jng,2355
blackout,top,2356
boo rururu,bot,2357
sqg lunatic,jng,2358
tory,top,2359
vly ryo,jng,2360
tele,bot,2361
vt saru,sup,2362
sqg lunatic,mid,2363
saii,jng,2364
dvlk,bot,2365
pooya,bot,2366
vizzpers,bot,2367
miflond,jng,2368
killer2,sup,2369
warangelus,mid,2370
ck gomamugich4,sup,2371
qtd van1,jng,2372
vk eria,sup,2373
ryo,jng,2374
van,jng,2375
mélyap,mid,2376
nvn,mid,2377
kandar,sup,2378
eneino,bot,2379
thorfin,jng,2380
scbc bojji1,jng,2381
arrietty,bot,2382
yume,sup,2383
cheng9,sup,2384
keres,bot,2385
sansan,jng,2386
chika,mid,2387
ngu warrior1,top,2388
aisyl,mid,2389
selxiss,jng,2390
bumblebee,bot,2391
slt,top,2392
akashi,mid,2393
astrai,sup,2394
9eetoo,top,2395
kobs,jng,2396
cipher,mid,2397
egnom,bot,2398
mishal,sup,2399
kpr,top,2400
owlonsky,jng,2401
deceiving,mid,2402
jalleba,bot,2403
sahl,sup,2404
destru,mid,2405
vk eria,mid,2406
vk jmicta,sup,2407
ara darkphoenix,bot,2408
garaxy,jng,2409
in5 troublemak,mid,2410
wicked,mid,2411
miaemi,sup,2412
parlita,bot,2413
zeron,bot,2414
opeduy,top,2415
droekt,mid,2416
sh3ry,bot,2417
bolyy1,sup,2418
gdg miaemi,sup,2419
boo eve,bot,2420
bojji,jng,2421
gdg compu,top,2422
ninten,bot,2423
kingsblade,bot,2424
mazi,jng,2425
miracle,sup,2426
dct jdd,top,2427
yasikof,jng,2428
master jos,mid,2429
2guns,bot,2430
argonauta,sup,2431
tb inside,top,2432
italin,jng,2433
kutarra,mid,2434
kitin,bot,2435
fleekz,sup,2436
fs oliv,top,2437
raydell,jng,2438
fs challenq,mid,2439
chama,mid,2440
sined,jng,2441
juandedios,top,2442
pout,mid,2443
carbono,jng,2444
rito,sup,2445
droekt,bot,2446
torak,mid,2447
galaxynt,top,2448
ddicent,jng,2449
kerraii,mid,2450
void,bot,2451
bloopy,sup,2452
jwic,jng,2453
hax,mid,2454
gbcn pyrus,sup,2455
thoryn,top,2456
follow,jng,2457
gle notiim,bot,2458
hakari,top,2459
vinicete,jng,2460
gatovisck,sup,2461
papu nithral,top,2462
papu moaixd,jng,2463
papu lucas,mid,2464
papu raviool,bot,2465
papu papulon,sup,2466
manolito,top,2467
lge martote,jng,2468
neadz,mid,2469
lyg,bot,2470
papu xami,sup,2471
jmz,top,2472
levizin,jng,2473
kina,mid,2474
leandrinn,bot,2475
anato,jng,2476
sleepy,mid,2477
gru,bot,2478
shoiti,sup,2479
kindless,bot,2480
isan,jng,2481
papu its me,top,2482
papu xami,mid,2483
